E87A	98
M95A	82
K97A	88
E102A	100
W112A	105
V120A	145
K121A	113
L122A	104
L125A	ND
V127A	160
N156A	ND
N160K	104
T162A	ND
I165K	102
I165A	125
R166A	117
D167N	125
K171A	135
E172A	134
F176A	93
Y177A	153
L179A	171
D180A	109
V182A	ND
I184A	141
D185A	113
T190A	103
N197A	72
N197K	93
N197T	75
T198A	ND
S199A	118
T202A	102
F210A	121
I213A	97
R252A	121
R253A	ND
S256A	82
T257A	39
N262A	35
R273A	59
N276A	193
D279A	0
N280A	66
K282A	68
T283A	78
N295A	ND
T297S	94
R298A	114
N301A	142
N302A	ND
R304A	150
K305A	153
S306A	94
I307A	155
H308A	194
I309A	66
P313A	91
R315A	114
R315Q	154
F317A	155
Y318A	167
T319A	98
T320A	130
E322A	116
D325A	118
A329K	303
H330A	116
N332A	60
Q337A	101
K343A	105
R350A	108
S364A	259
S365A	149
G366A	50
G367A	28
D368A	3
P369A	120
E370A	27
1371A	30
V372A	63
M373A	83
Y384A	43
N386A	212
T388A	106
N392Q	ND
W395A	181
R419A	133
I420A	118
K421A	133
Q422A	ND
I423A	260
I424A	205
N425A	73
W427A	76
V430A	98
K432A	90
Y435A	96
1439A	129
7450A	52
T455A	65
R456A	80
D457A	29
G458A	84
G459A	63
N461A	306
E462A	ND
S463A	267
I467A	28
R469A	62
G471A	107
G472A	84
G473A	79
D474A	20
M475A	ND
R476A	55
D477A	51
W479A	70
R480A	110
